Date,AQI
2018-05-07,73.0
2018-05-08,82.0
2018-05-09,84.0
2018-05-10,77.0
2018-05-11,73.0
2018-05-12,86.0
2018-05-13,90.0
2018-05-14,70.0
2018-05-15,64.0
2018-05-16,64.0
2018-05-17,66.0
2018-05-18,85.0
2018-05-19,83.0
2018-05-20,90.0
2018-05-21,76.0
2018-05-22,90.0
2018-05-23,81.0
2018-05-24,92.0
2018-05-25,75.0
2018-05-26,51.0
2018-05-27,61.0
2018-05-28,118.0
2018-05-29,115.0
2018-05-30,83.0
2018-05-31,69.0
2018-06-01,75.0
2018-06-02,84.0
2018-06-03,98.0
2018-06-04,82.0
2018-06-05,105.0
2018-06-06,77.0
2018-06-07,78.0
2018-06-08,86.0
2018-06-09,72.0
2018-06-10,63.5
2018-06-11,55.0
2018-06-12,56.0
2018-06-13,56.0
2018-06-14,59.0
2018-06-15,77.0
2018-06-16,101.0
2018-06-17,118.0
2018-06-18,125.0
2018-06-19,88.0
2018-06-20,82.0
2018-06-21,71.0
2018-06-22,75.0
2018-06-23,89.0
2018-06-24,91.0
2018-06-25,77.0
2018-06-26,68.0
2018-06-27,72.0
2018-06-28,80.0
2018-06-29,109.0
2018-06-30,78.0
2018-07-01,88.0
2018-07-02,77.0
2018-07-03,89.0
2018-07-04,75.0
2018-07-05,68.0
2018-07-06,72.0
2018-07-07,73.0
2018-07-08,74.0
2018-07-09,71.66666666666667
2018-07-10,69.33333333333333
2018-07-11,67.0
2018-07-12,68.0
2018-07-13,72.0
2018-07-14,84.0
2018-07-15,60.0
2018-07-16,69.0
2018-07-17,80.0
2018-07-18,70.0
2018-07-19,82.0
2018-07-20,70.0
2018-07-21,66.0
2018-07-22,62.0
2018-07-23,63.0
2018-07-24,61.0
2018-07-25,61.0
2018-07-26,60.0
2018-07-27,63.0
2018-07-28,62.0
2018-07-29,62.0
2018-07-30,64.0
2018-07-31,44.0
2018-08-01,64.0
2018-08-02,84.0
2018-08-03,75.0
2018-08-04,65.0
2018-08-05,64.0
2018-08-06,66.0
2018-08-07,66.0
2018-08-08,67.0
2018-08-09,67.0
2018-08-10,69.0
2018-08-11,67.0
2018-08-12,67.0
2018-08-13,68.0
2018-08-14,107.0
2018-08-15,93.0
2018-08-16,90.0
2018-08-17,83.0
2018-08-18,74.0
2018-08-19,76.0
2018-08-20,81.0
2018-08-21,95.0
2018-08-22,64.0
2018-08-23,65.0
2018-08-24,65.0
2018-08-25,70.0
2018-08-26,72.0
2018-08-27,77.0
2018-08-28,100.0
2018-08-29,77.0
2018-08-30,71.0
2018-08-31,70.0
2018-09-01,71.0
2018-09-02,70.0
2018-09-03,69.0
2018-09-04,70.0
2018-09-05,68.0
2018-09-06,60.0
2018-09-07,65.0
2018-09-08,67.0
2018-09-09,70.0
2018-09-10,84.0
2018-09-11,106.0
2018-09-12,89.0
2018-09-13,82.0
2018-09-14,89.0
2018-09-15,102.0
2018-09-16,103.0
2018-09-17,93.0
2018-09-18,93.0
2018-09-19,78.0
2018-09-20,100.0
2018-09-21,113.0
2018-09-22,80.0
2018-09-23,82.0
2018-09-24,104.0
2018-09-25,92.0
2018-09-26,91.0
2018-09-27,90.0
2018-09-28,108.0
2018-09-29,106.0
2018-09-30,122.0
2018-10-01,128.0
2018-10-02,111.0
2018-10-03,122.0
2018-10-04,110.0
2018-10-05,106.0
2018-10-06,117.0
2018-10-07,112.0
2018-10-08,109.0
2018-10-09,103.0
2018-10-10,104.0
2018-10-11,100.0
2018-10-12,105.0
2018-10-13,136.0
2018-10-14,149.0
2018-10-15,135.0
2018-10-16,142.0
2018-10-17,130.0
2018-10-18,132.0
2018-10-19,150.0
2018-10-20,144.6
2018-10-21,139.2
2018-10-22,133.8
2018-10-23,128.4
2018-10-24,123.0
2018-10-25,146.0
2018-10-26,118.0
2018-10-27,136.0
2018-10-28,144.0
2018-10-29,127.0
2018-10-30,110.0
2018-10-31,106.0
2018-11-01,141.0
2018-11-02,138.0
2018-11-03,132.0
2018-11-04,100.0
2018-11-05,102.0
2018-11-06,112.0
2018-11-07,184.0
2018-11-08,299.0
2018-11-09,195.0
2018-11-10,307.0
2018-11-11,179.0
2018-11-12,146.0
2018-11-13,123.0
2018-11-14,132.0
2018-11-15,122.0
2018-11-16,147.0
2018-11-17,150.0
2018-11-18,153.0
2018-11-19,145.0
2018-11-20,141.0
2018-11-21,137.0
2018-11-22,133.0
2018-11-23,129.0
2018-11-24,125.0
2018-11-25,145.0
2018-11-26,169.0
2018-11-27,143.0
2018-11-28,149.0
2018-11-29,146.0
2018-11-30,158.0
2018-12-01,154.0
2018-12-02,172.0
2018-12-03,174.0
2018-12-04,168.0
2018-12-05,163.0
2018-12-06,176.0
2018-12-07,140.0
2018-12-08,152.0
2018-12-09,158.0
2018-12-10,137.0
2018-12-11,138.0
2018-12-12,124.0
2018-12-13,117.0
2018-12-14,123.0
2018-12-15,136.0
2018-12-16,146.0
2018-12-17,128.0
2018-12-18,136.0
2018-12-19,174.0
2018-12-20,135.0
2018-12-21,123.0
2018-12-22,160.0
2018-12-23,197.0
2018-12-24,219.0
2018-12-25,210.0
2018-12-26,149.0
2018-12-27,119.0
2018-12-28,130.0
2018-12-29,143.0
2018-12-30,154.0
2018-12-31,188.0
2019-01-01,181.0
2019-01-02,175.0
2019-01-03,239.0
2019-01-04,221.0
2019-01-05,180.0
2019-01-06,183.0
2019-01-07,156.0
2019-01-08,156.0
2019-01-09,150.0
2019-01-10,199.0
2019-01-11,201.0
2019-01-12,187.0
2019-01-13,197.0
2019-01-14,163.0
2019-01-15,162.0
2019-01-16,162.0
2019-01-17,184.0
2019-01-18,200.0
2019-01-19,190.0
2019-01-20,234.0
2019-01-21,160.0
2019-01-22,114.0
2019-01-23,100.0
2019-01-24,125.0
2019-01-25,133.0
2019-01-26,131.0
2019-01-27,117.0
2019-01-28,112.0
2019-01-29,118.0
2019-01-30,150.0
2019-01-31,151.0
2019-02-01,146.0
2019-02-02,152.0
2019-02-03,186.0
2019-02-04,201.0
2019-02-05,164.0
2019-02-06,156.0
2019-02-07,103.0
2019-02-08,132.0
2019-02-09,170.0
2019-02-10,180.0
2019-02-11,213.0
2019-02-12,225.0
2019-02-13,190.0
2019-02-14,139.0
2019-02-15,118.0
2019-02-16,125.0
2019-02-17,165.0
2019-02-18,155.0
2019-02-19,143.0
2019-02-20,166.0
2019-02-21,114.0
2019-02-22,105.0
2019-02-23,156.0
2019-02-24,140.0
2019-02-25,119.0
2019-02-26,118.0
2019-02-27,108.0
2019-02-28,106.0
2019-03-01,159.0
2019-03-02,184.0
2019-03-03,114.0
2019-03-04,95.0
2019-03-05,106.0
2019-03-06,113.0
2019-03-07,113.0
2019-03-08,122.0
2019-03-09,151.0
2019-03-10,142.0
2019-03-11,127.0
2019-03-12,109.0
2019-03-13,142.0
2019-03-14,104.0
2019-03-15,124.0
2019-03-16,153.0
2019-03-17,135.0
2019-03-18,137.0
2019-03-19,140.0
2019-03-20,108.0
2019-03-21,98.0
2019-03-22,81.0
2019-03-23,90.0
2019-03-24,149.0
2019-03-25,160.0
2019-03-26,147.0
2019-03-27,128.0
2019-03-28,111.0
2019-03-29,98.0
2019-03-30,101.0
2019-03-31,87.0
2019-04-01,90.0
2019-04-02,86.0
2019-04-03,138.0
2019-04-04,94.0
2019-04-05,94.0
2019-04-06,95.0
2019-04-07,98.0
2019-04-08,95.0
2019-04-09,93.0
2019-04-10,94.0
2019-04-11,92.0
2019-04-12,96.0
2019-04-13,109.0
2019-04-14,108.0
2019-04-15,102.0
2019-04-16,101.0
2019-04-17,93.0
2019-04-18,96.0
2019-04-19,99.0
2019-04-20,102.0
2019-04-21,100.0
2019-04-22,98.0
2019-04-23,97.0
2019-04-24,93.0
2019-04-25,90.0
2019-04-26,93.0
2019-04-27,100.0
2019-04-28,103.0
2019-04-29,97.0
2019-04-30,96.0
2019-05-01,90.0
2019-05-02,105.0
2019-05-03,97.0
2019-05-04,92.0
2019-05-05,91.0
2019-05-06,93.0
2019-05-07,95.0
2019-05-08,90.0
2019-05-09,91.0
2019-05-10,89.0
2019-05-11,93.0
2019-05-12,94.0
2019-05-13,92.0
2019-05-14,92.0
2019-05-15,80.0
2019-05-16,76.0
2019-05-17,79.0
2019-05-18,92.0
2019-05-19,83.0
2019-05-20,84.0
2019-05-21,92.0
2019-05-22,89.0
2019-05-23,93.0
2019-05-24,90.0
2019-05-25,75.0
2019-05-26,71.0
2019-05-27,86.0
2019-05-28,90.0
2019-05-29,91.0
2019-05-30,73.0
2019-05-31,76.0
2019-06-01,81.0
2019-06-02,81.0
2019-06-03,81.0
2019-06-04,66.0
2019-06-05,64.0
2019-06-06,65.0
2019-06-07,72.0
2019-06-08,77.0
2019-06-09,86.0
2019-06-10,87.0
2019-06-11,90.0
2019-06-12,71.0
2019-06-13,61.0
2019-06-14,69.0
2019-06-15,62.0
2019-06-16,58.0
2019-06-17,60.0
2019-06-18,65.0
2019-06-19,61.0
2019-06-20,80.0
2019-06-21,82.0
2019-06-22,84.0
2019-06-23,90.0
2019-06-24,92.0
2019-06-25,71.0
2019-06-26,63.0
2019-06-27,60.0
2019-06-28,59.0
2019-06-29,63.0
2019-06-30,59.0
2019-07-01,59.0
2019-07-02,61.0
2019-07-03,67.0
2019-07-04,68.0
2019-07-05,84.0
2019-07-06,57.0
2019-07-07,76.0
2019-07-08,84.0
2019-07-09,61.0
2019-07-10,59.0
2019-07-11,67.0
2019-07-12,72.0
2019-07-13,63.0
2019-07-14,65.0
2019-07-15,66.0
2019-07-16,66.0
2019-07-17,69.0
2019-07-18,70.0
2019-07-19,77.0
2019-07-20,78.0
2019-07-21,79.0
2019-07-22,64.0
2019-07-23,55.0
2019-07-24,51.0
2019-07-25,56.0
2019-07-26,59.0
2019-07-27,56.0
2019-07-28,61.0
2019-07-29,65.0
2019-07-30,58.0
2019-07-31,56.0
2019-08-01,58.0
2019-08-02,56.0
2019-08-03,49.0
2019-08-04,48.0
2019-08-05,56.0
2019-08-06,59.0
2019-08-07,60.0
2019-08-08,69.0
2019-08-09,74.0
2019-08-10,78.0
2019-08-11,72.0
2019-08-12,66.0
2019-08-13,66.0
2019-08-14,69.0
2019-08-15,70.0
2019-08-16,60.0
2019-08-17,67.0
2019-08-18,65.0
2019-08-19,67.0
2019-08-20,73.0
2019-08-21,68.0
2019-08-22,62.0
2019-08-23,64.0
2019-08-24,62.0
2019-08-25,66.0
2019-08-26,73.0
2019-08-27,64.0
2019-08-28,53.0
2019-08-29,57.0
2019-08-30,62.0
2019-08-31,62.0
2019-09-01,62.0
2019-09-02,67.0
2019-09-03,60.0
2019-09-04,54.0
2019-09-05,49.0
2019-09-06,47.0
2019-09-07,49.0
2019-09-08,51.0
2019-09-09,54.0
2019-09-10,54.0
2019-09-11,55.0
2019-09-12,55.0
2019-09-13,53.0
2019-09-14,60.0
2019-09-15,57.0
2019-09-16,65.0
2019-09-17,64.0
2019-09-18,80.0
2019-09-19,83.0
2019-09-20,73.0
2019-09-21,57.0
2019-09-22,56.0
2019-09-23,64.0
2019-09-24,67.0
2019-09-25,64.0
2019-09-26,70.0
2019-09-27,49.0
2019-09-28,40.0
2019-09-29,42.0
2019-09-30,41.0
2019-10-01,50.0
2019-10-02,64.0
2019-10-03,68.0
2019-10-04,72.0
2019-10-05,96.0
2019-10-06,99.0
2019-10-07,93.0
2019-10-08,112.0
2019-10-09,90.0
2019-10-10,89.0
2019-10-11,118.0
2019-10-12,110.0
2019-10-13,112.0
2019-10-14,117.0
2019-10-15,116.0
2019-10-16,121.0
2019-10-17,135.0
2019-10-18,135.0
2019-10-19,99.0
2019-10-20,86.0
2019-10-21,81.0
2019-10-22,76.0
2019-10-23,72.0
2019-10-24,87.0
2019-10-25,82.0
2019-10-26,69.0
2019-10-27,105.0
2019-10-28,92.0
2019-10-29,113.0
2019-10-30,97.0
2019-10-31,81.0
2019-11-01,77.0
2019-11-02,57.0
2019-11-03,71.0
2019-11-04,78.0
2019-11-05,79.0
2019-11-06,105.0
2019-11-07,84.0
2019-11-08,57.0
2019-11-09,82.0
2019-11-10,97.0
2019-11-11,108.0
2019-11-12,134.0
2019-11-13,140.0
2019-11-14,128.0
2019-11-15,131.0
2019-11-16,149.0
2019-11-17,149.0
2019-11-18,140.0
2019-11-19,184.0
2019-11-20,209.0
2019-11-21,209.0
2019-11-22,208.0
2019-11-23,184.0
2019-11-24,176.0
2019-11-25,190.0
2019-11-26,193.0
2019-11-27,173.0
2019-11-28,146.0
2019-11-29,163.0
2019-11-30,186.0
2019-12-01,212.0
2019-12-02,174.0
2019-12-03,115.0
2019-12-04,99.0
2019-12-05,111.0
2019-12-06,180.0
2019-12-07,154.0
2019-12-08,174.0
2019-12-09,205.0
2019-12-10,171.0
2019-12-11,198.0
2019-12-12,229.0
2019-12-13,203.0
2019-12-14,110.0
2019-12-15,128.0
2019-12-16,180.0
2019-12-17,191.0
2019-12-18,164.0
2019-12-19,164.0
2019-12-20,187.0
2019-12-21,212.0
2019-12-22,225.0
2019-12-23,214.0
2019-12-24,250.0
2019-12-25,283.0
2019-12-26,268.0
2019-12-27,184.0
2019-12-28,167.0
2019-12-29,160.0
2019-12-30,181.0
2019-12-31,159.0
2020-01-01,194.0
2020-01-02,260.0
2020-01-03,221.0
2020-01-04,225.0
2020-01-05,229.0
2020-01-06,157.0
2020-01-07,177.0
2020-01-08,166.0
2020-01-09,122.0
2020-01-10,127.0
2020-01-11,151.0
2020-01-12,211.0
2020-01-13,178.0
2020-01-14,100.0
2020-01-15,97.0
2020-01-16,90.0
2020-01-17,93.0
2020-01-18,160.0
2020-01-19,213.0
2020-01-20,205.0
2020-01-21,227.0
2020-01-22,192.0
2020-01-23,196.0
2020-01-24,172.0
2020-01-25,182.0
2020-01-26,253.0
2020-01-27,183.0
2020-01-28,94.0
2020-01-29,85.0
2020-01-30,123.0
2020-01-31,145.0
2020-02-01,154.0
2020-02-02,183.0
2020-02-03,192.0
2020-02-04,178.0
2020-02-05,151.0
2020-02-06,138.0
2020-02-07,129.0
2020-02-08,133.0
2020-02-09,142.0
2020-02-10,134.0
2020-02-11,130.0
2020-02-12,136.0
2020-02-13,144.0
2020-02-14,141.0
2020-02-15,141.0
2020-02-16,147.0
2020-02-17,234.0
2020-02-18,217.0
2020-02-19,224.0
2020-02-20,175.0
2020-02-21,110.0
2020-02-22,121.0
2020-02-23,185.0
2020-02-24,176.0
2020-02-25,170.0
2020-02-26,130.0
2020-02-27,136.0
2020-02-28,173.0
2020-02-29,193.0
2020-03-01,125.0
2020-03-02,123.0
2020-03-03,127.0
2020-03-04,118.0
2020-03-05,108.0
2020-03-06,102.0
2020-03-07,107.0
2020-03-08,122.0
2020-03-09,121.0
2020-03-10,128.0
2020-03-11,88.0
2020-03-12,80.0
2020-03-13,84.0
2020-03-14,117.0
2020-03-15,143.0
2020-03-16,154.0
2020-03-17,191.0
2020-03-18,167.0
2020-03-19,113.0
2020-03-20,91.0
2020-03-21,82.0
2020-03-22,67.0
2020-03-23,66.0
2020-03-24,86.0
2020-03-25,91.0
2020-03-26,71.0
2020-03-27,70.0
2020-03-28,78.0
2020-03-29,78.0
2020-03-30,77.0
2020-03-31,69.0
2020-04-01,63.0
2020-04-02,78.0
2020-04-03,85.0
2020-04-04,83.0
2020-04-05,78.0
2020-04-06,67.0
2020-04-07,62.0
2020-04-08,93.0
2020-04-09,95.0
2020-04-10,87.0
2020-04-11,81.0
2020-04-12,86.0
2020-04-13,79.0
2020-04-14,87.0
2020-04-15,85.0
2020-04-16,75.0
2020-04-17,73.0
2020-04-18,70.0
2020-04-19,74.0
2020-04-20,82.0
2020-04-21,76.0
2020-04-22,61.0
2020-04-23,67.0
2020-04-24,58.0
2020-04-25,57.0
2020-04-26,63.0
2020-04-27,60.0
2020-04-28,60.0
2020-04-29,77.0
2020-04-30,68.0
2020-05-01,61.0
2020-05-02,53.0
2020-05-03,53.0
2020-05-04,47.0
2020-05-05,51.0
2020-05-06,61.0
2020-05-07,65.0
2020-05-08,69.0
2020-05-09,67.0
2020-05-10,70.0
2020-05-11,75.0
2020-05-12,81.0
2020-05-13,74.0
2020-05-14,65.0
2020-05-15,70.0
2020-05-16,79.0
2020-05-17,119.0
2020-05-18,86.0
2020-05-19,74.0
2020-05-20,66.0
2020-05-21,57.0
2020-05-22,51.0
2020-05-23,55.0
2020-05-24,55.0
2020-05-25,54.0
2020-05-26,57.0
2020-05-27,59.0
2020-05-28,56.0
2020-05-29,50.0
2020-05-30,49.0
2020-05-31,53.0
2020-06-01,48.0
2020-06-02,52.0
2020-06-03,50.0
2020-06-04,48.0
2020-06-05,66.0
2020-06-06,46.0
2020-06-07,49.0
2020-06-08,50.0
2020-06-09,47.0
2020-06-10,48.0
2020-06-11,48.0
2020-06-12,52.0
2020-06-13,54.0
2020-06-14,51.0
2020-06-15,49.0
2020-06-16,54.0
2020-06-17,46.0
2020-06-18,50.0
2020-06-19,58.0
2020-06-20,61.0
2020-06-21,55.0
2020-06-22,51.0
2020-06-23,59.0
2020-06-24,55.0
2020-06-25,59.0
2020-06-26,57.0
2020-06-27,64.0
2020-06-28,64.0
2020-06-29,54.0
2020-06-30,54.0
2020-07-01,53.0
2020-07-02,29.0
2020-07-03,34.0
2020-07-04,28.0
2020-07-05,33.0
2020-07-06,56.0
2020-07-07,38.0
2020-07-08,38.0
2020-07-09,45.0
2020-07-10,48.0
2020-07-11,45.0
2020-07-12,36.0
2020-07-13,36.0
2020-07-14,36.0
2020-07-15,31.0
2020-07-16,33.0
2020-07-17,34.0
2020-07-18,37.0
2020-07-19,46.0
2020-07-20,47.0
2020-07-21,49.0
2020-07-22,54.0
2020-07-23,39.0
2020-07-24,50.0
2020-07-25,44.0
2020-07-26,45.0
2020-07-27,26.0
2020-07-28,35.0
2020-07-29,37.0
2020-07-30,32.0
2020-07-31,35.0
2020-08-01,34.0
2020-08-02,27.0
2020-08-03,26.0
2020-08-04,25.0
2020-08-05,30.0
2020-08-06,36.0
2020-08-07,36.0
2020-08-08,49.0
2020-08-09,44.0
2020-08-10,42.0
2020-08-11,41.0
2020-08-12,38.0
2020-08-13,38.0
2020-08-14,35.0
2020-08-15,37.0
2020-08-16,47.0
2020-08-17,43.0
2020-08-18,28.0
2020-08-19,33.0
2020-08-20,41.0
2020-08-21,39.0
2020-08-22,35.0
2020-08-23,37.0
2020-08-24,36.0
2020-08-25,49.0
2020-08-26,36.0
2020-08-27,35.0
2020-08-28,32.0
2020-08-29,31.0
2020-08-30,28.0
2020-08-31,30.0
2020-09-01,36.0
2020-09-02,47.0
2020-09-03,57.0
2020-09-04,69.0
2020-09-05,84.0
2020-09-06,128.0
2020-09-07,55.0
2020-09-08,49.0
2020-09-09,55.0
2020-09-10,68.0
2020-09-11,68.0
2020-09-12,48.0
2020-09-13,39.0
2020-09-14,44.0
2020-09-15,40.0
2020-09-16,39.0
2020-09-17,40.0
2020-09-18,52.0
2020-09-19,59.0
2020-09-20,53.0
2020-09-21,58.0
2020-09-22,64.0
2020-09-23,42.0
2020-09-24,44.0
2020-09-25,53.0
2020-09-26,63.0
2020-09-27,65.0
2020-09-28,69.0
2020-09-29,75.0
2020-09-30,80.0
2020-10-01,75.0
2020-10-02,77.0
2020-10-03,100.0
2020-10-04,70.0
2020-10-05,55.0
2020-10-06,76.0
2020-10-07,93.0
2020-10-08,106.0
2020-10-09,124.0
2020-10-10,145.0
2020-10-11,110.0
2020-10-12,99.0
2020-10-13,110.0
2020-10-14,106.0
2020-10-15,68.0
2020-10-16,59.0
2020-10-17,71.0
2020-10-18,82.0
2020-10-19,78.0
2020-10-20,90.0
2020-10-21,83.0
2020-10-22,90.0
2020-10-23,82.0
2020-10-24,113.0
2020-10-25,83.0
2020-10-26,94.0
2020-10-27,100.0
2020-10-28,130.0
2020-10-29,146.0
2020-10-30,131.0
2020-10-31,119.0
2020-11-01,111.0
2020-11-02,125.0
2020-11-03,194.0
2020-11-04,160.0
2020-11-05,163.0
2020-11-06,128.0
2020-11-07,130.0
2020-11-08,142.0
2020-11-09,148.0
2020-11-10,146.0
2020-11-11,182.0
2020-11-12,170.0
2020-11-13,171.0
2020-11-14,131.0
2020-11-15,148.0
2020-11-16,143.0
2020-11-17,175.0
2020-11-18,167.0
2020-11-19,146.0
2020-11-20,143.0
2020-11-21,160.0
2020-11-22,170.0
2020-11-23,156.0
2020-11-24,139.0
2020-11-25,210.0
2020-11-26,225.0
2020-11-27,182.0
2020-11-28,139.0
2020-11-29,110.0
2020-11-30,125.0
2020-12-01,152.0
2020-12-02,163.0
2020-12-03,170.0
2020-12-04,167.0
2020-12-05,185.0
2020-12-06,149.0
2020-12-07,144.0
2020-12-08,157.0
2020-12-09,136.0
2020-12-10,143.0
2020-12-11,151.0
2020-12-12,139.0
2020-12-13,146.0
2020-12-14,105.0
2020-12-15,152.0
2020-12-16,194.0
2020-12-17,205.0
2020-12-18,203.0
2020-12-19,185.0
2020-12-20,178.0
2020-12-21,151.0
2020-12-22,141.0
2020-12-23,172.0
2020-12-24,193.0
2020-12-25,209.0
2020-12-26,221.0
2020-12-27,225.0
2020-12-28,168.0
2020-12-29,192.0
2020-12-30,225.0
2020-12-31,245.0
2021-01-01,244.0
2021-01-02,255.0
2021-01-03,251.0
2021-01-04,226.0
2021-01-05,234.0
2021-01-06,274.0
2021-01-07,285.0
2021-01-08,272.0
2021-01-09,234.0
2021-01-10,244.0
2021-01-11,214.0
2021-01-12,194.0
2021-01-13,193.0
2021-01-14,193.0
2021-01-15,145.0
2021-01-16,140.0
2021-01-17,173.0
2021-01-18,124.0
2021-01-19,153.0
2021-01-20,193.0
2021-01-21,189.0
2021-01-22,233.0
2021-01-23,255.0
2021-01-24,198.0
2021-01-25,207.0
2021-01-26,223.0
2021-01-27,231.0
2021-01-28,247.0
2021-01-29,224.0
2021-01-30,218.0
2021-01-31,196.0
2021-02-01,184.0
2021-02-02,180.0
2021-02-03,188.0
2021-02-04,182.0
2021-02-05,182.0
2021-02-06,149.0
2021-02-07,151.0
2021-02-08,150.0
2021-02-09,165.0
2021-02-10,196.0
2021-02-11,245.0
2021-02-12,249.0
2021-02-13,182.0
2021-02-14,132.0
2021-02-15,100.0
2021-02-16,99.0
2021-02-17,100.0
2021-02-18,206.0
2021-02-19,120.0
2021-02-20,116.0
2021-02-21,119.0
2021-02-22,144.0
2021-02-23,169.0
2021-02-24,224.0
2021-02-25,191.0
2021-02-26,127.0
2021-02-27,110.0
2021-02-28,139.0
2021-03-01,161.0
2021-03-02,175.0
2021-03-03,142.0
2021-03-04,185.0
2021-03-05,211.0
2021-03-06,147.0
2021-03-07,128.0
2021-03-08,110.0
2021-03-09,137.0
2021-03-10,151.0
2021-03-11,120.0
2021-03-12,98.0
2021-03-13,152.0
2021-03-14,157.0
2021-03-15,156.0
2021-03-16,151.0
2021-03-17,158.0
2021-03-18,154.0
2021-03-19,145.0
2021-03-20,161.0
2021-03-21,171.0
2021-03-22,143.0
2021-03-23,160.0
2021-03-24,193.0
2021-03-25,170.0
2021-03-26,170.0
2021-03-27,177.0
2021-03-28,172.0
2021-03-29,130.0
2021-03-30,75.0
2021-03-31,81.0
2021-04-01,113.0
2021-04-02,162.0
2021-04-03,139.0
2021-04-04,102.0
2021-04-05,90.0
2021-04-06,115.0
2021-04-07,101.0
2021-04-08,99.0
2021-04-09,99.0
2021-04-10,137.0
2021-04-11,106.0
2021-04-12,92.0
2021-04-13,111.0
2021-04-14,94.0
2021-04-15,88.0
2021-04-16,79.0
2021-04-17,65.0
2021-04-18,72.0
2021-04-19,88.0
2021-04-20,67.0
2021-04-21,58.0
2021-04-22,70.0
2021-04-23,79.0
2021-04-24,75.0
2021-04-25,74.0
2021-04-26,129.0
2021-04-27,185.0
2021-04-28,125.0
2021-04-29,81.0
2021-04-30,72.0
2021-05-01,68.0
2021-05-02,71.0
2021-05-03,105.0
2021-05-04,80.0
2021-05-05,76.0
2021-05-06,72.0
2021-05-07,72.0
2021-05-08,69.0
2021-05-09,78.0
2021-05-10,68.0
2021-05-11,67.0
2021-05-12,59.0
2021-05-13,64.0
2021-05-14,65.0
2021-05-15,85.0
2021-05-16,80.0
2021-05-17,47.0
2021-05-18,48.0
2021-05-19,54.0
2021-05-20,88.0
2021-05-21,120.0
2021-05-22,92.0
2021-05-23,81.0
2021-05-24,71.0
2021-05-25,74.0
2021-05-26,71.0
2021-05-27,73.0
2021-05-28,65.0
2021-05-29,69.0
2021-05-30,55.0
2021-05-31,58.0
2021-06-01,61.0
2021-06-02,50.0
2021-06-03,53.0
2021-06-04,46.0
2021-06-05,51.0
2021-06-06,49.0
2021-06-07,42.0
2021-06-08,49.0
2021-06-09,39.0
2021-06-10,33.0
2021-06-11,45.0
2021-06-12,34.0
2021-06-13,41.0
2021-06-14,56.0
2021-06-15,64.0
2021-06-16,41.0
2021-06-17,70.0
2021-06-18,72.0
2021-06-19,68.0
2021-06-20,96.0
2021-06-21,117.0
2021-06-22,92.0
2021-06-23,93.0
2021-06-24,85.0
2021-06-25,56.0
2021-06-26,67.0
2021-06-27,66.0
2021-06-28,55.0
2021-06-29,60.0
2021-06-30,56.0
2021-07-01,70.0
2021-07-02,62.0
2021-07-03,60.0
2021-07-04,56.0
2021-07-05,64.0
2021-07-06,76.0
2021-07-07,74.0
2021-07-08,66.0
2021-07-09,52.0
2021-07-10,59.0
2021-07-11,50.0
2021-07-12,40.0
2021-07-13,56.0
2021-07-14,47.0
2021-07-15,42.0
2021-07-16,42.0
2021-07-17,42.0
2021-07-18,55.0
2021-07-19,52.0
2021-07-20,57.0
2021-07-21,54.0
2021-07-22,63.0
2021-07-23,78.0
2021-07-24,59.0
2021-07-25,63.0
2021-07-26,63.0
2021-07-27,63.0
2021-07-28,68.0
2021-07-29,68.0
2021-07-30,65.0
2021-07-31,66.0
2021-08-01,63.0
2021-08-02,58.0
2021-08-03,50.0
2021-08-04,53.0
2021-08-05,55.0
2021-08-06,63.0
2021-08-07,59.0
2021-08-08,71.0
2021-08-09,57.0
2021-08-10,68.0
2021-08-11,54.0
2021-08-12,58.0
2021-08-13,61.0
2021-08-14,53.0
2021-08-15,51.0
2021-08-16,58.0
2021-08-17,52.0
2021-08-18,48.0
2021-08-19,49.0
2021-08-20,45.0
2021-08-21,40.0
2021-08-22,50.0
2021-08-23,54.0
2021-08-24,48.0
2021-08-25,52.0
2021-08-26,47.0
2021-08-27,56.0
2021-08-28,69.0
2021-08-29,66.0
2021-08-30,74.0
2021-08-31,59.0
2021-09-01,54.0
2021-09-02,52.0
2021-09-03,53.0
2021-09-04,54.0
2021-09-05,53.0
2021-09-06,64.0
2021-09-07,58.0
2021-09-08,47.0
2021-09-09,46.0
2021-09-10,49.0
2021-09-11,48.0
2021-09-12,44.0
2021-09-13,52.0
2021-09-14,67.0
2021-09-15,66.0
2021-09-16,75.0
2021-09-17,68.0
2021-09-18,58.0
2021-09-19,46.0
2021-09-20,48.0
2021-09-21,47.0
2021-09-22,53.0
2021-09-23,58.0
2021-09-24,66.0
2021-09-25,72.0
2021-09-26,64.0
2021-09-27,61.0
2021-09-28,62.0
2021-09-29,45.0
2021-09-30,48.0
2021-10-01,76.0
2021-10-02,77.0
2021-10-03,78.0
2021-10-04,78.0
2021-10-05,71.0
2021-10-06,74.0
2021-10-07,61.0
2021-10-08,64.0
2021-10-09,54.0
2021-10-10,58.0
2021-10-11,63.0
2021-10-12,69.0
2021-10-13,84.0
2021-10-14,140.0
2021-10-15,141.0
2021-10-16,107.0
2021-10-17,153.0
2021-10-18,102.0
2021-10-19,94.0
2021-10-20,87.0
2021-10-21,106.0
2021-10-22,143.0
2021-10-23,111.0
2021-10-24,74.0
2021-10-25,58.0
2021-10-26,96.0
2021-10-27,119.0
2021-10-28,130.0
2021-10-29,126.0
2021-10-30,128.0
2021-10-31,155.0
2021-11-01,188.0
2021-11-02,211.0
2021-11-03,179.0
2021-11-04,164.0
2021-11-05,199.0
2021-11-06,117.0
2021-11-07,110.0
2021-11-08,176.0
2021-11-09,172.0
2021-11-10,164.0
2021-11-11,174.0
2021-11-12,171.0
2021-11-13,195.0
2021-11-14,201.0
2021-11-15,200.0
2021-11-16,222.0
2021-11-17,153.0
2021-11-18,81.0
2021-11-19,84.0
2021-11-20,102.0
2021-11-21,84.0
2021-11-22,66.0
2021-11-23,76.0
2021-11-24,94.0
2021-11-25,149.0
2021-11-26,136.0
2021-11-27,152.0
2021-11-28,145.0
2021-11-29,120.0
2021-11-30,150.0
2021-12-01,154.0
2021-12-02,78.0
2021-12-03,93.0
2021-12-04,116.0
2021-12-05,109.0
2021-12-06,95.0
2021-12-07,218.0
2021-12-08,216.0
2021-12-09,211.0
2021-12-10,193.0
2021-12-11,173.0
2021-12-12,184.0
2021-12-13,181.0
2021-12-14,119.0
2021-12-15,176.0
2021-12-16,223.0
2021-12-17,241.0
2021-12-18,236.0
2021-12-19,214.0
2021-12-20,199.0
2021-12-21,232.0
2021-12-22,230.0
2021-12-23,214.0
2021-12-24,180.0
2021-12-25,110.0
2021-12-26,182.0
2021-12-27,215.0
2021-12-28,201.0
2021-12-29,138.0
2021-12-30,155.0
2021-12-31,176.0
2022-01-01,173.0
2022-01-02,150.0
2022-01-03,156.0
2022-01-04,184.0
2022-01-05,219.0
2022-01-06,170.0
2022-01-07,204.0
2022-01-08,134.0
2022-01-09,88.0
2022-01-10,74.0
2022-01-11,137.0
2022-01-12,132.0
2022-01-13,172.0
2022-01-14,208.0
2022-01-15,182.0
2022-01-16,160.0
2022-01-17,147.0
2022-01-18,171.0
2022-01-19,181.0
2022-01-20,154.0
2022-01-21,110.0
2022-01-22,99.0
2022-01-23,247.0
2022-01-24,381.0
2022-01-25,268.0
2022-01-26,267.0
2022-01-27,212.0
2022-01-28,160.0
2022-01-29,162.0
2022-01-30,168.0
2022-01-31,176.0
2022-02-01,177.0
2022-02-02,179.0
2022-02-03,187.0
2022-02-04,162.0
2022-02-05,276.0
2022-02-06,228.0
2022-02-07,181.0
2022-02-08,116.0
2022-02-09,103.0
2022-02-10,138.0
2022-02-11,159.0
2022-02-12,153.0
2022-02-13,174.0
2022-02-14,128.0
2022-02-15,105.0
2022-02-16,93.0
2022-02-17,88.0
2022-02-18,111.0
2022-02-19,143.0
2022-02-20,132.0
2022-02-21,154.0
2022-02-22,158.0
2022-02-23,119.0
2022-02-24,168.0
2022-02-25,219.0
2022-02-26,223.0
2022-02-27,156.0
2022-02-28,215.0
2022-03-01,187.0
2022-03-02,216.0
2022-03-03,204.0
2022-03-04,177.0
2022-03-05,167.0
2022-03-06,185.0
2022-03-07,170.0
2022-03-08,204.0
2022-03-09,210.0
2022-03-10,206.0
2022-03-11,195.0
2022-03-12,168.0
2022-03-13,170.0
2022-03-14,167.0
2022-03-15,198.0
2022-03-16,184.0
2022-03-17,189.0
2022-03-18,187.0
2022-03-19,111.0
2022-03-20,106.0
2022-03-21,159.0
2022-03-22,152.0
2022-03-23,155.0
2022-03-24,211.0
2022-03-25,132.0
2022-03-26,109.0
2022-03-27,110.0
2022-03-28,113.0
2022-03-29,127.0
2022-03-30,128.0
2022-03-31,105.0
2022-04-01,196.0
2022-04-02,214.0
2022-04-03,172.0
2022-04-04,142.0
2022-04-05,108.0
2022-04-06,98.0
2022-04-07,104.0
2022-04-08,106.0
2022-04-09,81.0
2022-04-10,74.0
2022-04-11,71.0
2022-04-12,94.0
2022-04-13,92.0
2022-04-14,88.0
2022-04-15,72.0
2022-04-16,89.0
2022-04-17,94.0
2022-04-18,83.0
2022-04-19,80.0
2022-04-20,81.0
2022-04-21,125.0
2022-04-22,127.0
2022-04-23,139.0
2022-04-24,104.0
2022-04-25,91.0
2022-04-26,101.0
2022-04-27,85.0
2022-04-28,114.0
2022-04-29,102.0
2022-04-30,86.0
2022-05-01,89.0
2022-05-02,103.0
2022-05-03,91.0
2022-05-04,103.0
2022-05-05,118.0
2022-05-06,139.0
2022-05-07,189.0
2022-05-08,169.0
2022-05-09,117.0
2022-05-10,114.0
2022-05-11,118.0
2022-05-12,122.0
2022-05-13,123.0
2022-05-14,132.0
2022-05-15,118.0
2022-05-16,131.0
2022-05-17,157.0
2022-05-18,212.0
2022-05-19,238.0
2022-05-20,179.0
2022-05-21,147.0
2022-05-22,106.0
2022-05-23,83.0
2022-05-24,88.0
2022-05-25,97.0
2022-05-26,95.0
2022-05-27,76.0
2022-05-28,86.0
2022-05-29,83.0
2022-05-30,66.0
2022-05-31,87.0
2022-06-01,79.0
2022-06-02,99.0
2022-06-03,108.0
2022-06-04,77.0
2022-06-05,69.0
2022-06-06,70.0
2022-06-07,71.0
2022-06-08,70.0
2022-06-09,56.0
2022-06-10,62.0
2022-06-11,59.0
2022-06-12,55.0
2022-06-13,56.0
2022-06-14,65.0
2022-06-15,56.0
2022-06-16,51.0
2022-06-17,65.0
2022-06-18,60.0
2022-06-19,45.0
2022-06-20,44.0
2022-06-21,48.0
2022-06-22,58.0
2022-06-23,52.0
2022-06-24,48.0
2022-06-25,49.0
2022-06-26,55.0
2022-06-27,54.0
2022-06-28,51.0
2022-06-29,59.0
2022-06-30,58.0
2022-07-01,58.0
2022-07-02,67.0
2022-07-03,72.0
2022-07-04,65.0
2022-07-05,60.0
2022-07-06,61.0
2022-07-07,56.0
2022-07-08,68.0
2022-07-09,68.0
2022-07-10,65.0
2022-07-11,68.0
2022-07-12,54.0
2022-07-13,62.0
2022-07-14,53.0
2022-07-15,56.0
2022-07-16,62.0
2022-07-17,64.0
2022-07-18,85.0
2022-07-19,83.0
2022-07-20,58.0
2022-07-21,63.0
2022-07-22,63.0
2022-07-23,60.0
2022-07-24,48.0
2022-07-25,49.0
2022-07-26,50.0
2022-07-27,67.0
2022-07-28,73.0
2022-07-29,81.0
2022-07-30,71.0
2022-07-31,74.0
2022-08-01,65.0
2022-08-02,63.0
2022-08-03,89.0
2022-08-04,61.0
2022-08-05,71.0
2022-08-06,50.0
2022-08-07,51.0
2022-08-08,48.0
2022-08-09,45.0
2022-08-10,46.0
2022-08-11,43.0
2022-08-12,46.0
2022-08-13,45.0
2022-08-14,68.0
2022-08-15,79.0
2022-08-16,80.0
2022-08-17,67.0
2022-08-18,55.0
2022-08-19,57.0
2022-08-20,55.0
2022-08-21,57.0
2022-08-22,58.0
2022-08-23,53.0
2022-08-24,53.0
2022-08-25,72.0
2022-08-26,64.0
2022-08-27,74.0
2022-08-28,71.0
2022-08-29,68.0
2022-08-30,88.0
2022-08-31,81.0
2022-09-01,64.0
2022-09-02,74.0
2022-09-03,80.0
2022-09-04,69.0
2022-09-05,60.0
2022-09-06,61.0
2022-09-07,69.0
2022-09-08,62.0
2022-09-09,72.0
2022-09-10,66.0
2022-09-11,71.0
2022-09-12,65.0
2022-09-13,62.0
2022-09-14,53.0
2022-09-15,51.0
2022-09-16,50.0
2022-09-17,46.0
2022-09-18,39.0
2022-09-19,46.0
2022-09-20,61.0
2022-09-21,54.0
2022-09-22,50.0
2022-09-23,60.0
2022-09-24,49.0
2022-09-25,54.0
2022-09-26,58.0
2022-09-27,67.0
2022-09-28,67.0
2022-09-29,70.0
2022-09-30,70.0
2022-10-01,78.0
2022-10-02,58.0
2022-10-03,58.0
2022-10-04,70.0
2022-10-05,75.0
2022-10-06,67.0
2022-10-07,70.0
2022-10-08,67.0
2022-10-09,64.0
2022-10-10,72.0
2022-10-11,67.0
2022-10-12,74.0
2022-10-13,80.0
2022-10-14,79.0
2022-10-15,82.0
2022-10-16,107.0
2022-10-17,99.0
2022-10-18,85.0
2022-10-19,80.0
2022-10-20,87.0
2022-10-21,100.0
2022-10-22,82.0
2022-10-23,123.0
2022-10-24,136.0
2022-10-25,213.0
2022-10-26,159.0
2022-10-27,163.0
2022-10-28,151.0
2022-10-29,144.0
2022-10-30,127.0
2022-10-31,130.0
2022-11-01,152.0
2022-11-02,169.0
2022-11-03,141.0
2022-11-04,145.0
2022-11-05,159.0
2022-11-06,158.0
2022-11-07,146.0
2022-11-08,168.0
2022-11-09,192.0
2022-11-10,179.0
2022-11-11,158.0
2022-11-12,156.0
2022-11-13,161.0
2022-11-14,178.0
2022-11-15,220.0
2022-11-16,190.0
2022-11-17,167.0
2022-11-18,128.0
2022-11-19,134.0
2022-11-20,143.0
2022-11-21,138.0
2022-11-22,173.0
2022-11-23,195.0
2022-11-24,211.0
2022-11-25,231.0
2022-11-26,243.0
2022-11-27,238.0
2022-11-28,167.0
2022-11-29,158.0
2022-11-30,198.0
2022-12-01,213.0
2022-12-02,216.0
2022-12-03,219.0
2022-12-04,249.0
2022-12-05,272.0
2022-12-06,275.0
2022-12-07,271.0
2022-12-08,255.0
2022-12-09,190.0
2022-12-10,170.0
2022-12-11,198.0
2022-12-12,168.0
2022-12-13,169.0
2022-12-14,127.0
2022-12-15,117.0
2022-12-16,142.0
2022-12-17,152.0
2022-12-18,165.0
2022-12-19,138.0
2022-12-20,161.0
2022-12-21,189.0
2022-12-22,242.0
2022-12-23,238.0
2022-12-24,175.0
2022-12-25,186.0
2022-12-26,198.0
2022-12-27,241.0
2022-12-28,240.0
2022-12-29,238.0
2022-12-30,229.0
2022-12-31,222.0
2023-01-01,147.0
2023-01-02,188.0
2023-01-03,214.0
2023-01-04,204.0
2023-01-05,223.0
2023-01-06,255.0
2023-01-07,204.0
2023-01-08,198.0
2023-01-09,137.0
2023-01-10,158.0
2023-01-11,213.0
2023-01-12,196.0
2023-01-13,134.0
2023-01-14,240.0
2023-01-15,198.0
2023-01-16,214.0
2023-01-17,236.0
2023-01-18,264.0
2023-01-19,256.0
2023-01-20,231.0
2023-01-21,175.0
2023-01-22,168.0
2023-01-23,170.0
2023-01-24,175.0
2023-01-25,209.0
2023-01-26,232.0
2023-01-27,254.0
2023-01-28,244.0
2023-01-29,176.0
2023-01-30,154.0
2023-01-31,225.0
2023-02-01,227.0
2023-02-02,180.0
2023-02-03,198.0
2023-02-04,201.0
2023-02-05,226.0
2023-02-06,185.0
2023-02-07,177.0
2023-02-08,233.0
2023-02-09,236.0
2023-02-10,200.0
2023-02-11,172.0
2023-02-12,165.0
2023-02-13,146.0
2023-02-14,203.0
2023-02-15,224.0
2023-02-16,199.0
2023-02-17,201.0
2023-02-18,185.0
2023-02-19,191.0
2023-02-20,183.0
2023-02-21,201.0
2023-02-22,123.0
2023-02-23,172.0
2023-02-24,219.0
2023-02-25,197.0
2023-02-26,208.0
2023-02-27,194.0
2023-02-28,188.0
2023-03-01,174.0
2023-03-02,205.0
2023-03-03,262.0
2023-03-04,281.0
2023-03-05,260.0
2023-03-06,246.0
2023-03-07,139.0
2023-03-08,136.0
2023-03-09,156.0
2023-03-10,145.0
2023-03-11,163.0
2023-03-12,186.0
2023-03-13,213.0
2023-03-14,199.0
2023-03-15,165.0
2023-03-16,146.0
2023-03-17,117.0
2023-03-18,118.0
2023-03-19,97.0
2023-03-20,90.0
2023-03-21,91.0
2023-03-22,96.0
2023-03-23,86.0
2023-03-24,73.0
2023-03-25,88.0
2023-03-26,98.0
2023-03-27,97.0
2023-03-28,117.0
2023-03-29,125.0
2023-03-30,106.0
2023-03-31,82.0
2023-04-01,108.0
2023-04-02,93.0
2023-04-03,86.0
2023-04-04,86.0
2023-04-05,87.0
2023-04-06,99.0
2023-04-07,149.0
2023-04-08,182.0
2023-04-09,156.0
2023-04-10,132.0
2023-04-11,112.0
2023-04-12,134.0
2023-04-13,130.0
2023-04-14,126.0
2023-04-15,110.0
2023-04-16,100.0
2023-04-17,95.0
2023-04-18,103.0
2023-04-19,125.0
2023-04-20,106.0
2023-04-21,79.0
2023-04-22,74.0
2023-04-23,86.0
2023-04-24,77.0
2023-04-25,101.0
2023-04-26,94.0
2023-04-27,92.0
2023-04-28,71.0
2023-04-29,81.0
2023-04-30,81.0
2023-05-01,74.0
2023-05-02,78.0
2023-05-03,80.0
2023-05-04,76.0
2023-05-05,75.0
2023-05-06,74.0
2023-05-07,84.0
2023-05-08,82.0
2023-05-09,91.0
2023-05-10,112.0
2023-05-11,121.0
2023-05-12,120.0
2023-05-13,99.0
2023-05-14,52.0
2023-05-15,68.0
2023-05-16,67.0
2023-05-17,69.0
2023-05-18,75.0
2023-05-19,76.0
2023-05-20,80.0
2023-05-21,73.0
2023-05-22,70.0
2023-05-23,79.0
2023-05-24,69.0
2023-05-25,68.0
2023-05-26,67.0
2023-05-27,73.0
2023-05-28,75.0
2023-05-29,78.0
2023-05-30,80.0
2023-05-31,97.0
2023-06-01,89.0
2023-06-02,84.0
2023-06-03,74.0
2023-06-04,72.0
2023-06-05,73.0
2023-06-06,81.0
2023-06-07,87.0
2023-06-08,89.0
2023-06-09,81.0
2023-06-10,85.0
2023-06-11,85.0
2023-06-12,90.0
2023-06-13,83.0
2023-06-14,78.0
2023-06-15,83.0
2023-06-16,84.0
2023-06-17,89.0
2023-06-18,98.0
2023-06-19,92.0
2023-06-20,93.0
2023-06-21,100.0
2023-06-22,97.0
2023-06-23,77.0
2023-06-24,73.0
2023-06-25,61.0
2023-06-26,73.0
2023-06-27,58.0
2023-06-28,61.0
2023-06-29,53.0
2023-06-30,56.0
2023-07-01,67.0
2023-07-02,54.0
2023-07-03,62.0
2023-07-04,65.0
2023-07-05,65.0
2023-07-06,51.0
2023-07-07,54.0
2023-07-08,91.0
2023-07-09,70.0
2023-07-10,65.0
2023-07-11,73.0
2023-07-12,77.0
2023-07-13,108.0
2023-07-14,87.0
2023-07-15,82.0
2023-07-16,87.0
2023-07-17,83.0
2023-07-18,80.0
2023-07-19,86.0
2023-07-20,86.0
2023-07-21,87.0
2023-07-22,88.0
2023-07-23,88.0
2023-07-24,87.0
2023-07-25,81.0
2023-07-26,48.0
2023-07-27,45.0
2023-07-28,49.0
2023-07-29,51.0
2023-07-30,52.0
2023-07-31,53.0
2023-08-01,54.0
2023-08-02,58.0
2023-08-03,62.0
2023-08-04,73.0
2023-08-05,62.0
2023-08-06,68.0
2023-08-07,70.0
2023-08-08,71.0
2023-08-09,78.0
2023-08-10,65.0
2023-08-11,61.0
2023-08-12,65.0
2023-08-13,68.0
2023-08-14,67.0
2023-08-15,62.0
2023-08-16,56.0
2023-08-17,55.0
2023-08-18,55.0
2023-08-19,50.0
2023-08-20,53.0
2023-08-21,51.0
2023-08-22,50.0
2023-08-23,52.0
2023-08-24,53.0
2023-08-25,54.0
2023-08-26,61.0
2023-08-27,60.0
2023-08-28,56.0
2023-08-29,64.0
2023-08-30,87.0
2023-08-31,91.0
2023-09-01,84.0
2023-09-02,81.0
2023-09-03,80.0
2023-09-04,86.0
2023-09-05,81.0
2023-09-06,78.0
2023-09-07,71.0
2023-09-08,65.0
2023-09-09,61.0
2023-09-10,54.0
2023-09-11,54.0
2023-09-12,59.0
2023-09-13,58.0
2023-09-14,63.0
2023-09-15,65.0
2023-09-16,60.0
2023-09-17,57.0
2023-09-18,58.0
2023-09-19,53.0
2023-09-20,51.0
2023-09-21,59.0
2023-09-22,59.0
2023-09-23,58.0
2023-09-24,53.0
2023-09-25,59.0
2023-09-26,67.0
2023-09-27,68.0
2023-09-28,77.0
2023-09-29,94.0
2023-09-30,72.0
2023-10-01,87.0
2023-10-02,97.0
2023-10-03,116.0
2023-10-04,121.0
2023-10-05,120.0
2023-10-06,131.0
2023-10-07,120.0
2023-10-08,110.0
2023-10-09,144.0
2023-10-10,109.0
2023-10-11,88.0
2023-10-12,100.0
2023-10-13,159.0
2023-10-14,177.0
2023-10-15,150.0
2023-10-16,185.0
2023-10-17,189.0
2023-10-18,199.0
2023-10-19,156.0
2023-10-20,185.0
2023-10-21,155.0
2023-10-22,172.0
2023-10-23,177.0
2023-10-24,182.0
2023-10-25,157.0
2023-10-26,157.0
2023-10-27,139.0
2023-10-28,153.0
2023-10-29,152.0
2023-10-30,157.0
2023-10-31,168.0
2023-11-01,175.0
2023-11-02,169.0
2023-11-03,178.0
2023-11-04,180.0
2023-11-05,198.0
2023-11-06,198.0
2023-11-07,186.0
2023-11-08,131.0
2023-11-09,111.0
2023-11-10,87.0
2023-11-11,90.0
2023-11-12,154.0
2023-11-13,193.0
2023-11-14,168.0
2023-11-15,201.0
2023-11-16,168.0
2023-11-17,140.0
2023-11-18,162.0
2023-11-19,159.0
2023-11-20,115.0
2023-11-21,132.0
2023-11-22,123.0
2023-11-23,137.0
2023-11-24,152.0
2023-11-25,124.0
2023-11-26,98.0
2023-11-27,59.0
2023-11-28,61.0
2023-11-29,94.0
2023-11-30,102.0
2023-12-01,127.0
2023-12-02,138.0
2023-12-03,144.0
2023-12-04,128.0
2023-12-05,136.0
2023-12-06,154.0
2023-12-07,125.0
2023-12-08,117.0
2023-12-09,114.0
2023-12-10,114.0
2023-12-11,108.0
2023-12-12,114.0
2023-12-13,115.0
2023-12-14,134.0
2023-12-15,139.0
2023-12-16,133.0
2023-12-17,126.0
2023-12-18,136.0
2023-12-19,138.0
2023-12-20,134.0
2023-12-21,157.0
2023-12-22,189.0
2023-12-23,190.0
2023-12-24,166.0
2023-12-25,155.0
2023-12-26,178.0
2023-12-27,174.0
2023-12-28,194.0
2023-12-29,181.0
2023-12-30,161.0
2023-12-31,143.0
2024-01-01,132.0
2024-01-02,133.0
2024-01-03,117.0
2024-01-04,129.0
2024-01-05,123.0
2024-01-06,128.0
2024-01-07,124.0
2024-01-08,97.0
2024-01-09,115.0
2024-01-10,82.0
2024-01-11,128.0
2024-01-12,146.0
2024-01-13,135.0
2024-01-14,111.0
2024-01-15,76.0
2024-01-16,74.0
2024-01-17,101.0
2024-01-18,100.0
2024-01-19,110.0
2024-01-20,151.0
2024-01-21,103.0
2024-01-22,128.0
2024-01-23,116.0
2024-01-24,100.0
2024-01-25,107.0
2024-01-26,144.0
2024-01-27,123.0
2024-01-28,121.0
2024-01-29,116.0
2024-01-30,114.0
2024-01-31,120.0
2024-02-01,93.0
2024-02-02,63.0
2024-02-03,122.0
2024-02-04,158.0
2024-02-05,154.0
2024-02-06,127.0
2024-02-07,115.0
2024-02-08,131.0
2024-02-09,127.0
2024-02-10,120.0
2024-02-11,121.0
2024-02-12,128.0
2024-02-13,130.0
2024-02-14,116.0
2024-02-15,124.0
2024-02-16,191.0
2024-02-17,174.0
2024-02-18,146.0
2024-02-19,111.0
2024-02-20,76.0
2024-02-21,60.0
2024-02-22,64.0
2024-02-23,77.0
2024-02-24,100.0
2024-02-25,118.0
2024-02-26,158.0
2024-02-27,148.0
2024-02-28,112.0
2024-02-29,165.0
2024-03-01,118.0
2024-03-02,71.0
2024-03-03,55.0
2024-03-04,72.0
2024-03-05,109.0
2024-03-06,119.0
2024-03-07,108.0
2024-03-08,124.0
2024-03-09,122.0
2024-03-10,113.0
2024-03-11,111.0
2024-03-12,111.0
2024-03-13,87.0
2024-03-14,74.0
2024-03-15,125.0
2024-03-16,122.0
2024-03-17,97.0
2024-03-18,86.0
2024-03-19,106.0
2024-03-20,120.0
2024-03-21,130.0
2024-03-22,144.0
2024-03-23,102.0
2024-03-24,73.0
2024-03-25,74.0
2024-03-26,63.0
2024-03-27,74.0
2024-03-28,75.0
2024-03-29,88.0
2024-03-30,93.0
2024-03-31,95.0
2024-04-01,106.0
2024-04-02,160.0
2024-04-03,128.0
2024-04-04,89.0
2024-04-05,91.0
2024-04-06,131.0
2024-04-07,95.0
2024-04-08,74.0
2024-04-09,93.0
2024-04-10,88.0
2024-04-11,88.0
2024-04-12,79.0
2024-04-13,68.0
2024-04-14,69.0
2024-04-15,80.0
2024-04-16,136.0
2024-04-17,107.0
2024-04-18,98.0
2024-04-19,80.0
2024-04-20,108.0
2024-04-21,82.0
2024-04-22,69.0
2024-04-23,72.0
2024-04-24,93.0
2024-04-25,100.0
2024-04-26,84.0
2024-04-27,88.0
2024-04-28,155.0
2024-04-29,133.0
2024-04-30,118.0
2024-05-01,102.0
2024-05-02,92.0
2024-05-03,117.0
2024-05-04,89.0
2024-05-05,79.0
2024-05-06,68.0
2024-05-07,65.0
2024-05-08,77.0
2024-05-09,70.0
2024-05-10,67.0
2024-05-11,68.0
2024-05-12,77.0
2024-05-13,73.0
2024-05-14,132.0
2024-05-15,137.0
2024-05-16,96.0
2024-05-17,97.0
2024-05-18,90.0
2024-05-19,89.0
2024-05-20,68.0
2024-05-21,66.0
2024-05-22,74.0
2024-05-23,75.0
2024-05-24,70.0
2024-05-25,64.0
2024-05-26,61.0
2024-05-27,69.0
2024-05-28,69.0
2024-05-29,71.0
2024-05-30,82.0
2024-05-31,71.0
2024-06-01,62.0
2024-06-02,50.0
2024-06-03,68.0
2024-06-04,82.0
2024-06-05,69.0
2024-06-06,59.0
2024-06-07,62.0
2024-06-08,57.0
2024-06-09,56.0
2024-06-10,48.0
2024-06-11,48.0
2024-06-12,52.0
2024-06-13,50.0
2024-06-14,45.0
2024-06-15,48.0
2024-06-16,49.0
2024-06-17,64.0
2024-06-18,54.0
2024-06-19,46.0
2024-06-20,50.0
2024-06-21,64.0
2024-06-22,48.0
2024-06-23,64.0
2024-06-24,44.0
2024-06-25,45.0
2024-06-26,43.0
2024-06-27,36.0
2024-06-28,38.0
2024-06-29,58.0
2024-06-30,52.0
2024-07-01,60.0
2024-07-02,54.0
2024-07-03,61.0
2024-07-04,59.0
2024-07-05,51.0
2024-07-06,56.0
2024-07-07,74.0
2024-07-08,47.0
2024-07-09,36.0
2024-07-10,42.0
2024-07-11,38.0
2024-07-12,36.0
2024-07-13,37.0
2024-07-14,35.0
2024-07-15,47.0
2024-07-16,34.0
2024-07-17,40.0
2024-07-18,33.0
2024-07-19,30.0
2024-07-20,32.0
2024-07-21,36.0
2024-07-22,33.0
2024-07-23,34.0
2024-07-24,42.0
2024-07-25,34.0
2024-07-26,42.0
2024-07-27,47.0
2024-07-28,62.0
2024-07-29,51.0
2024-07-30,52.0
2024-07-31,42.0
2024-08-01,41.0
2024-08-02,32.0
2024-08-03,31.0
2024-08-04,36.0
2024-08-05,37.0
2024-08-06,35.0
2024-08-07,34.0
2024-08-08,38.0
2024-08-09,39.0
2024-08-10,37.0
2024-08-11,36.0
2024-08-12,42.0
2024-08-13,43.0
2024-08-14,45.0
2024-08-15,48.0
2024-08-16,44.0
2024-08-17,51.0
2024-08-18,58.0
2024-08-19,56.0
2024-08-20,59.0
2024-08-21,55.0
2024-08-22,63.0
2024-08-23,41.0
2024-08-24,34.0
2024-08-25,32.0
2024-08-26,39.0
2024-08-27,41.0
2024-08-28,39.0
2024-08-29,43.0
2024-08-30,45.0
2024-08-31,38.0
2024-09-01,39.0
2024-09-02,45.0
2024-09-03,43.0
2024-09-04,46.0
2024-09-05,36.0
2024-09-06,40.0
2024-09-07,37.0
2024-09-08,34.0
2024-09-09,37.0
2024-09-10,31.0
2024-09-11,40.0
2024-09-12,43.0
2024-09-13,59.0
2024-09-14,51.0
2024-09-15,43.0
2024-09-16,65.0
2024-09-17,60.0
2024-09-18,65.0
2024-09-19,66.0
2024-09-20,76.0
2024-09-21,64.0
2024-09-22,56.0
2024-09-23,53.0
2024-09-24,44.0
2024-09-25,50.0
2024-09-26,38.0
2024-09-27,34.0
2024-09-28,30.0
2024-09-29,33.0
2024-09-30,43.0
2024-10-01,66.0
2024-10-02,101.0
2024-10-03,58.0
2024-10-04,54.0
2024-10-05,54.0
2024-10-06,61.0
2024-10-07,116.0
2024-10-08,115.0
2024-10-09,84.0
2024-10-10,59.0
2024-10-11,55.0
2024-10-12,68.0
2024-10-13,56.0
2024-10-14,67.0
2024-10-15,58.0
2024-10-16,77.0
2024-10-17,75.0
2024-10-18,87.0
2024-10-19,45.0
2024-10-20,76.0
2024-10-21,51.0
2024-10-22,86.0
2024-10-23,71.0
2024-10-24,102.0
2024-10-25,124.0
2024-10-26,112.0
2024-10-27,144.0
2024-10-28,132.0
2024-10-29,96.0
2024-10-30,94.0
2024-10-31,167.0
2024-11-01,169.0
2024-11-02,208.0
2024-11-03,157.0
2024-11-04,159.0
2024-11-05,150.0
2024-11-06,158.0
2024-11-07,137.0
2024-11-08,146.0
2024-11-09,144.0
2024-11-10,141.0
2024-11-11,152.0
2024-11-12,144.0
2024-11-13,132.0
2024-11-14,138.0
2024-11-15,141.0
2024-11-16,154.0
2024-11-17,179.0
2024-11-18,144.0
2024-11-19,123.0
2024-11-20,140.0
2024-11-21,150.0
2024-11-22,170.0
2024-11-23,190.0
2024-11-24,204.0
2024-11-25,184.0
2024-11-26,156.0
2024-11-27,137.0
2024-11-28,133.0
2024-11-29,134.0
2024-11-30,135.0
2024-12-01,167.0
2024-12-02,174.0
2024-12-03,129.0
2024-12-04,139.0
2024-12-05,154.0
2024-12-06,148.0
2024-12-07,126.0
2024-12-08,125.0
2024-12-09,112.0
2024-12-10,131.0
2024-12-11,139.0
2024-12-12,137.0
2024-12-13,128.0
2024-12-14,134.0
2024-12-15,159.0
2024-12-16,158.0
2024-12-17,188.0
2024-12-18,199.0
2024-12-19,198.0
2024-12-20,180.0
2024-12-21,194.0
2024-12-22,178.0
2024-12-23,131.0
2024-12-24,146.0
2024-12-25,186.0
2024-12-26,160.0
2024-12-27,154.0
2024-12-28,188.0
2024-12-29,186.0
2024-12-30,121.0
2024-12-31,124.0
